{
  "heart_disease": 0.44853545131416545,
  "diabetes": 0.058823529411764705,
  "kidney_disease": 0.6591790914535522
}